<?xml version="1.0" encoding="UTF-8"?>

<!--********** Copyright 2016 Roku Corp.  All Rights Reserved. **********-->

<component name="CustomResolutionChoose" extends="BaseFocusableNode" >
   
  <interface>
    <field id="resolution" type="string" />
  </interface>


    <children> 
       <Poster id="bakcground" uri="pkg:/images/$$RES$$/HomeScreenBackground.png">
         <LayoutGroup id="container" itemSpacings="[30.0]" vertAlignment="center" horizAlignment="center">
            <CustomLabel id="highlightText" text="Выберите качество" fontSize="57" />
            <RowList id="resolution_list"
                itemComponentName="CustomResolutionItem" 
                itemSize="[375, 75]" 
                rowHeights="[75.0]" 
                rowSpacings="[15.0, 15.0, 15.0]" 
                rowItemSize="[[375, 75]]" 
                vertFocusAnimationStyle="floatingFocus" 
                rowFocusAnimationStyle="floatingFocus" 
                numRows="3"
                focusable="true" 
                drawFocusFeedback="false" />
        </LayoutGroup>
      </Poster>
    </children>

    <script type="text/brightscript" uri="CustomResolutionChoose.brs" />
</component>