<component name="NavigationItem" extends="Group" xmlns:xsi="http://www.w3.org/2001/XMLSchema-instance" xsi:noNamespaceSchemaLocation="https://devtools.web.roku.com/schema/RokuSceneGraph.xsd">

    <script type="text/brightscript" uri="NavigationItem.brs" />

    <interface>
        <field id="itemContent" type="node" alwaysNotify="true" onChange="setupNavItem" />
        <field id="rowFocusPercent" type="float" alwaysNotify="true" onChange="_onColorChange" />
        <field id="itemHasFocus" type="boolean" onChange="onItemFocus" />
        <field id="rowListHasFocus" type="boolean" onChange="onRowListLoseFocus" /> 
    </interface>

    <children>
        <Poster id="focusBackground"/>
        <Poster id="navigationPoster" />
        <CustomLabel id="navigationText" fontSize="24" translation="[134, 20]" horizAlign="center" />      
        <ColorFieldInterpolator id="colorInterpolator" fieldToInterp="navigationPoster.blendColor" keyValue="[0x3f3f3fff, 0x000000ff]" key="[0.0, 1.0]" />
        <ColorFieldInterpolator id="playerColorInterpolator" fieldToInterp="navigationText.color" keyValue="[0xffffffff, 0x000000ff]" key="[0.0, 1.0]"  />
    </children>
</component>
