<component name="MatchInfoHeaderView" extends="Group">

  <interface>
    <field id="matchdata" type="assocarray" onChange="_onMatchdataChange" />
  </interface>

  <children>
    <LayoutGroup id="popupContainer" layoutDirection="horiz" vertAlignment="center" horizAlignment="center" itemSpacings="[20.0, 126.0, 115.0, 19.0]">
      <CustomLabel id="firstTeamName" fontSize="42" />
      <Poster id="firstTeamFlag" width="85" height="85" />
      <CustomLabel id="score" fontSize="47" width="200" horizAlign="center" />
      <Poster id="secondTeamFlag" width="85" height="85" />
      <CustomLabel id="secondTeamName" fontSize="42" />
    </LayoutGroup>
  </children>

  <script type="text/brightscript" uri="MatchInfoHeaderView.brs" />
  <script type="text/brightscript" uri="../../Classes/Utils/valueUtils.brs" />
  <script type="text/brightscript" uri="../../Classes/Utils/typeUtils.brs" />
</component>