<component name="HomeScreen" initialFocus="homeScreenRowList" extends="BaseScreen">

    <interface>
        <field id="selectedDateEpoch" type="integer" alias="daySwitcher.selectedDateEpoch" />
        <field id="buttonClick" type="boolean" />
        <field id="isCalendarCreating" type="boolean" alwaysNotify="true" alias="daySwitcher.isCalendarCreating" onChange="_createCalendarScreen" />
    </interface>

    <children>
        <FocusableGroup layoutDirection="vert">    
            <CustomButtonView id="scoreView" allowIconChange="true" layoutFlow="true" iconUri="pkg:/images/icons/visibility.png" translation="[1564, 40]" focusedBColorIcon="#000000" bgUri="pkg:/images/common/rectangle.9.png" localizeId="12982" fontSize="25" space="10.0" backgroundWidth="275" iconWidth="30" vertAlignment="center" backgroundHeight="70" iconHeight="26" focusable="true" />       
            <DaySwitcherView id="daySwitcher" focusable="true" visible="true" translation="[701, 180]" />
            <RowList id="homeScreenRowList" translation="[ 120, 300 ]" itemComponentName="HomeScreenRowListItem" numRows="2" itemSize="[ 1780, 540 ]" rowItemSize="[ [426, 426] ]" itemSpacing="[ 70, 0 ]" rowItemSpacing="[ [30,50] ]" vertFocusAnimationStyle="fixedFocus" rowLabelOffset="[[0, 25]]" rowFocusAnimationStyle="floatingFocus" wrapDividerBitmapUri="" showRowLabel="[true]" />
        </FocusableGroup>
    </children>

    <script type="text/brightscript" uri="HomeScreen.brs" />
    <script type="text/brightscript" uri="../../Classes/Utils/registerUtil.brs" />
</component>