<component name="CustomLanguageItem" extends="BaseFocusableNode">

  <interface>
    <field id="width" type="float" alias="background.width" />
    <field id="height" type="float" alias="background.height" />
    <field id="itemContent" type="node" onChange="_displayContent" />
    <field id="itemHasFocus" type="boolean"  />
    <field id="rowFocusPercent" type="float" onChange="_onFocusPercent" />
    <field id="rowListHasFocus" type="boolean" onChange="_onGridLoseHasFocus" />
  </interface>

  <children>
      <Poster id="background" opacity="0.0"  uri="pkg:/images/common/eventBg.png" /> 
      <CustomLabel id="lang_name" fontSize="31" />
      <Poster id="icon" uri="pkg:/images/$$RES$$/signDonee.png" height="24" width="34" />  

    <FloatFieldInterpolator  id="opacityInterpolator" fieldToInterp="background.opacity" keyValue="[0.0, 1.0]" key="[0.0, 1.0]" />  
    <ColorFieldInterpolator id="iconColorInterpolator" fieldToInterp="lang_name.color" keyValue="[0xffffffff, 0x000000ff]" key="[0.0, 1.0]" />
     <ColorFieldInterpolator id="iconBInterpolator" fieldToInterp="icon.blendColor" keyValue="[0xffffffff, 0x000000ff]" key="[0.0, 1.0]" />
    <ColorFieldInterpolator id="langColorInterpolator" fieldToInterp="icon.color" keyValue="[0xe5e5e5ff, 0x3f3f3fff]" key="[0.0, 1.0]" />
  </children>

  <script type="text/brightscript" uri="CustomLanguageItem.brs" />
 
</component>