<component name="AdditionalInfoBarItem" extends="BaseFocusableNode">

    <interface>
        <field id="itemContent" type="node" alwaysNotify="true" onChange="_setupAdditionalBarItem" />
        <field id="itemSelected" type="boolean" onChange="_onItemSelected" />
        <field id="width" type="float" />
        <field id="height" type="float" />
    </interface>

    <children>      
         <Poster id="background">
           <CustomLabel id="additionalLabel" color="#808080" fontSize="38" />
         </Poster>
    </children>
    
    <script type="text/brightscript" uri="AdditionalInfoBarItem.brs" />

</component>