<component name="SideBarController" extends="BaseScreen" initialFocus="mainContainer">

    <children>
        <FocusableGroup layoutDirection="horiz">
            <SideBar id="sideBarMenu" focusable="true" translation="[0, 300]" />
            <BaseFocusableNode id="viewContainer" translation="[0, 0]" focusable="true" />
        </FocusableGroup>
    </children>

    <script type="text/brightscript" uri="SideBarController.brs" />
    <script type="text/brightscript" uri="../../Classes/Utils/Contants/RemoteKeys.brs" />
</component>