<component name="CustomInput" extends="Group">

    <interface>
        <field id="fontSize" type="integer" alias="inputText.fontSize" />
        <field id="text" type="string" alias="inputText.text" />
        <field id="hintVisibility" type="boolean" alias="inputHint.visible" value="true" />
        <field id="inputVisibility" type="boolean" alias="inputText.visible" value="false"  />
        <field id="hintText" type="string" alias="inputHint.text"  />
        <field id="lineOpacity" type="float" alias="customRect.opacity" />
        <field id="createKeyboard" type="boolean" alwaysNotify="true" />
    </interface>
      
    <children> 
        <Rectangle id="mainGroup"> 
             <CustomLable id="inputHint"  fontSize="33"  />
             <CustomLable id="inputText"   fontSize="33"  />
             <Rectangle id="customRect" width="700" height="3px"  translation="[0, 50]" color="#960018" opacity="0" />
        </Rectangle>
        <Animation id="opacityAnimation" duration="0.5"  easeFunction="linear" >
           <FloatFieldInterpolator  id = "floatInterpolator" key="[0, 1]" keyValue="[0, 1]" fieldToInterp="customRect.opacity" />
        </Animation>
    </children>
    <script type="text/brightscript" uri="CustomInput.brs" />
</component>

