<component name="LoginScreen" extends="BaseScreen" initialFocus="login__block">

  <interface>
    <field id="isKeybordCreated" type="bool" />
    <field id="inputText" type="string" />
  </interface>

  <children>
    <FocusableLayoutGroup id="login__block" layoutDirection="vert" translation="[960, 166]" horizAlignment="center" itemSpacings="[79.0, 40.0, 70.0, 13.0, 25.0]" focusable="true">
      <CustomLabel id="enterence"  localizeId = "15539" fontSize="57" focusable="false" horizAlign="center" width="700" />
      <FocusedEditBox id="login" visibleEye="false" localizeId = "12912" fontUri="pkg:/fonts/Roboto-Bold.ttf" color="#B8B6B5" width="610" height="80" focusable="true"  fontSize="49" />
      <FocusedEditBox id="password" visibleEye="true"  fontUri="pkg:/fonts/Roboto-Bold.ttf"  localizeId = "15143" color="#B8B6B5" secureMode="true" width="610" height="80" focusable="true"  fontSize="49" />
      <CustomLabel id="errorLabel" fontSize="27" color="#EB5757" height="32" width="565" horizAlign="left" vertAlign="left" visible="true" />
      <FocusableLayoutGroup id="buttonGroup" layoutDirection="horiz" focusable="true" itemSpacings="[16.0]" >
         <LoginBtn id="loginBtn" loginFlow="true"  bgWidth="296" bgHeight="90" localizeId="15543" focusedTextColor="#000000" unfocusedTextColor="#FFFFFF" bgUri="pkg:/images/$$RES$$/registrationbg.png" focusedBgUri="pkg:/images/icons/registe.png" focusable="true" />
         <LoginBtn id="registrationBtn" loginFlow="true"  focusedTextColor="#000000" unfocusedTextColor="#FFFFFF" changeColor="true" bgWidth="296" bgHeight="90" localizeId="15545" bgUri="pkg:/images/$$RES$$/registration.png" focusedBgUri="pkg:/images/icons/registe.png" focusable="true" />
      </FocusableLayoutGroup>
      <FocusableLayoutGroup id="secondButtonGroup" layoutDirection="horiz" vertAlignment="center" focusable="true">
           <LoginBtn id="forgontPassword"  loginFlow="true" focusedTextColor="#000000" unfocusedTextColor="#FFFFFF" focusedBgUri="pkg:/images/$$RES$$/hover.png"  localizeId="1561"  dinamicSizeValue="true" focusable="true" />
           <CustomButtonView id="changeLanguage" avoidIconChange="true" layoutFlow="true" switchElements="true"  iconUri="pkg:/images/icons/flagman.png" focusedBColorIcon="#000000" bgUri="pkg:/images/$$RES$$/hover.png" buttonText="ENGLISH" fontSize="25" space="16.0" backgroundWidth="170"  iconWidth="30" vertAlignment="center" backgroundHeight="54" iconHeight="26" focusable="true" spaceExpantions="true"  /> 
      </FocusableLayoutGroup>
    </FocusableLayoutGroup>
    <LayoutGroup id="footer-info" horizAlignment="center">
        <CustomLabel id="footer_hg" text="Instat TV Limited" color="#FFFFFF80" />
        <CustomLabel id="footer_lg" text="Registered office: 18 Mallow Street, Limerick, Co. Limerick, V94N12Y, Ireland Registered in Ireland" color="#FFFFFF50" />
        <CustomLabel id="footer_ls" text="Registered in Ireland: company number 698600" color="#FFFFFF50"/>
        <CustomLabel id="footer_hs" text="Registered VAT number IE3778815SH" color="#FFFFFF50"/>
    </LayoutGroup>
  </children>

  <script type="text/brightscript" uri="LoginScreen.brs" />
  <script type="text/brightscript" uri="pkg:/components/Classes/Utils/validationUtils.brs"/>
</component>