<component name="LoginScreen" extends="Group" initialFocus="login_block" >

  <interface>
    <field id="userLoggin" type="boolean"  />
  </interface>
 
  <children>
  <Poster id="loginBg" width="1920" height="1080" uri="pkg:/images/loginBG.png" />
    <FocusableLayoutGroup id="login_block" visible="true" layoutDirection="vert" translation="[100, 166]"   itemSpacings="[79.0, 40.0, 70.0, 13.0, 25.0]" focusable="true">
        <Poster id="logo" uri="pkg:/images/logo.png" width="130" height="180" focusable="false" />
        <CustomLable id="hg" fontSize="55"  text="SIGN IN WITH YOUR NINJA ID" />
        <CustomInput id="login" hintText="Enter Your Ninja Login" focusable="true" />
        <CustomInput id="password"  hintText="Enter Your Ninja Password" focusable="true" />
        <CustomLable id="loginHighlight" fontSize="20" text="making excuses for being late, as usual* Hello students, today I got lost on the road of life." />
        <FocusableLayoutGroup id="buttonLayout" layoutDirection="horiz" itemSpacings="[50.0]" focusable="true" >
          <CustomButton id="signinBtn"  buttonWidth="330" buttonHeight="92" buttonText="SIGN IN" />
          <CustomButton id="signupBtn"  buttonWidth="330" buttonHeight="92"  buttonText="SIGN UP" />
        </FocusableLayoutGroup>
        <CustomLable id="errorMsg" fontSize="30" color="#ED2939" />
    </FocusableLayoutGroup>
  </children>
  
  <script type="text/brightscript" uri="pkg:/components/Classes/Utils/validationUtils.brs" />
  <script type="text/brightscript" uri="pkg:/components/Classes/Utils/registerUtil.brs" />
  <script type="text/brightscript" uri="pkg:/components/Classes/Utils/typyUtils.brs" />
  <script type="text/brightscript" uri="LoginScreen.brs" />

</component>