<?xml version="1.0" encoding="UTF-8"?>

<component name="ProgressView" extends="Group">

<interface>
  <field id="position" type="float" alwaysNotify="true" onChange="_moveProgressBar" />
  <field id="duration" type="integer" onChange="_fullDurationSet" />
  <field id="passFocus" type="string" alwaysNotify="true" />
  <field id="swingTime" type="integer" alwaysNotify="true" onChange="_moveBarForwardBack" />
  <field id="stopVideoPlayer" type="boolean" alwaysNotify="true"  />
</interface>

  <children> 
    <LayoutGroup id="container" >
      <LayoutGroup id="progress_info" layoutDirection="horiz" vertAlignment="center">
       <CustomLabel id="event_info" fontSize="68" text="I am Manchester city you are United" visible="false"/>
       <CustomVideoProgress id="progressTime" />
      </LayoutGroup>
      <Rectangle width ="1600" height="38" color="#80808000" > 
         <Rectangle id="full_bar" translation="[0, 17]" width="1600" height="4" color="#808080" />
         <Rectangle id="progres_bar" translation="[0, 17]" width="0" height="4"  color="#CC0000"/>
         <Poster id="round_ball" translation="[0, 6]" uri="pkg:/images/common/roundBall.png" width="28" height="28" />
      </Rectangle>
     </LayoutGroup>
  </children>

      <script type="text/brightscript" uri="ProgressView.brs" />
      <script type="text/brightscript" uri="../../../Classes/Utils/dateUtil.brs" />
       <script type="text/brightscript" uri="../../../Classes/Utils/Contants/RemoteKeys.brs" />
      <script type="text/brightscript" uri="../../../Classes/Utils/valueUtils.brs" />
      <script type="text/brightscript" uri="../../../Classes/Utils/typeUtils.brs" />
</component>