<component name="CustomLabel" extends="Label">

    <interface>
        <field id="fontSize" type="integer" value="14" alias="font.size" />
        <field id="uri" type="string" alias="font.uri" />
        <field id="localizeId" type="string" alwaysNotify="true" onChange="_onLocalizeIdChange" />
    </interface>

    <children>
        <Font id="font" uri="pkg:/fonts/Roboto-Bold.ttf" role="font" size="14" />
    </children>

    <script type="text/brightscript" uri="CustomLabel.brs" />
    <script type="text/brightscript" uri="../../Classes/Utils/typeUtils.brs" />
</component>

