<?xml version="1.0" encoding="UTF-8"?>

<component name="CustomVideoProgress" extends="BaseScreen">

    <interface> 
       <field id="duration" type="string" onChange="_setFullDuration" />   
       <field id="presentTime" type="integer" onChange="_onPresentTimeChange" />  
  	</interface>

      <children>  
         <LayoutGroup id="timeStamp" layoutDirection="horiz" itemSpacings="[5.0]">
            <CustomLabel id="current_time" fontSize="27" text="00:00" />
            <CustomLabel id="backticks" fontSize="27" text="/" />
            <CustomLabel id="full_time" fontSize="27" text="00:00" />
         </LayoutGroup>
      </children>

      <script type="text/brightscript" uri="CustomVideoProgress.brs" />
      <script type="text/brightscript" uri="../../../Classes/Utils/dateUtil.brs" />
      <script type="text/brightscript" uri="../../../Classes/Utils/valueUtils.brs" />
      <script type="text/brightscript" uri="../../../Classes/Utils/typeUtils.brs" />
</component>