<component name="CustomExitMenu" extends="BaseFocusableNode">
    <interface>
        <field id="selectedRow" type="integer" alwaysNotify="true" />
    </interface>
    <children>
         <FocusableLayoutGroup id="container" vertAlignment="center" horizAlignment="center" itemSpacings="[28.0]" focusable="true">
             <CustomLabel id="logout_text" fontSize="57" localizeId="15607" />
             <RowList id="menuList" 
                 itemComponentName="CustomExitMenuItem" 
                 itemSize="[365, 68]" 
                 rowHeights="[68.0]" 
                 rowSpacings="[20.0]" 
                 rowItemSize="[ [345, 68] ]" 
                 vertFocusAnimationStyle="floatingFocus" 
                 rowFocusAnimationStyle="floatingFocus"  
                 drawFocusFeedbackOnTop="false"
                 drawFocusFeedback="false" 
                 focusable="true"
                 numRows="2" />
         </FocusableLayoutGroup>
    </children>

    <script type="text/brightscript" uri="CustomExitMenu.brs" />
</component> 