<component name="CustomButtonView" extends="BaseFocusableNode">

    <interface>
        <field id="allowIconChange" type="boolean" />
        <field id="buttonIconClicked" type="boolean" alwaysNotify="true" onChange="_onbuttonIconClicked" />
        <field id="avoidIconChange" type="boolean" />
        <field id="layoutFlow" type="boolean"  />
        <field id="backgroundWidth" type="float" alias="background.width" />
        <field id="backgroundHeight" type="float" alias="background.height" />
        <field id="switchElements" type="bool" onChange="_onSwitchElements" /> 
        <field id="blendColor" alias="inner_icon.blendColor" />
        <field id="focusedBColorIcon" type="string" />
        <field id="iconUri" type="string" alias="inner_icon.uri" />
        <field id="bgUri" type="string" value="pkg:/images/$$RES$$/dataFocus.png" />
        <field id="unfocusedBgUri" type="string" />
        <field id="buttonClicked" type="boolean" alwaysNotify="true" />
        <field id="iconWidth" type="float" alias="inner_icon.width" />
        <field id="colorText" type="string" alias="inner_text.color" />
        <field id="localizeId" type="string" alias="inner_text.localizeId" onChange="_centralizeButtonContent" />
        <field id="buttonText" type="string" alias="inner_text.text" onChange="_centralizeButtonContent" />
        <field id="space" type="float" value="0.0" alias="container.itemSpacings" />
        <field id="fontSize" type="integer" alias="inner_text.fontSize" />
        <field id="vertAlignment" type="string" alias="container.vertAlignment" />
        <field id="horizAlignment" type="string" alias="container.horizAlignment" />
        <field id="iconVisible" type="boolean" value="true" onChange="_hideView" />
        <field id="iconHeight" type="float" alias="inner_icon.height" alwaysNotify="true" onChange="_centralizeButtonContent" />
        <field id="spaceExpantions" type="boolean" onChange="_onSpaceExpantion" />
    </interface>

    <children>
        <Poster id="background">
            <LayoutGroup id="container" layoutDirection="horiz">
                <Poster id="inner_icon" />
                <CustomLabel id="inner_text" />
            </LayoutGroup>
        </Poster>
    </children>

    <script type="text/brightscript" uri="CustomButtonView.brs" />
    <script type="text/brightscript" uri="pkg:/components/Classes/Utils/Contants/RemoteKeys.brs" />
</component>