<component name="CalendarScreen" extends="BaseScreen" initialFocus="chosenMonth">

  <interface>   
  
    <field id="selectedDateEpoch" type="integer" onChange="_onSelectedDataEpoch" />  
    <field id="epoch" type="integer" alias="calendar_view.epoch"/>
    <field id="seletedCalendarUtfTime" type="integer" />
  </interface>

  <children>
  <Poster id="background" uri="pkg:/images/common/exit.png" width="1920" height="1080">
    <FocusableLayoutGroup id="container" layoutDirection="vert" horizAlignment="center" itemSpacings="[13.0, 27.0, 20.0, 20.0]" focusable="true">        
         <CustomLabel id="hightlight" horizAlign="center" localizeId="15752" fontSize="57" focusable="false" />
         <CustomButtonView id="chosenYear" layoutFlow="false" backgroundWidth="223" backgroundHeight="45"  bgUri="pkg:/images/common/bgCalendarMonth.png" focusedBColorIcon="#000000"  fontSize="25"  vertAlignment="center" horizAlignment="center"  focusable="true" />
         <CustomButtonView id="chosenMonth" layoutFlow="false" backgroundWidth="223" backgroundHeight="45"  bgUri="pkg:/images/common/bgCalendarMonth.png" focusedBColorIcon="#000000"   fontSize="25"  vertAlignment="center" horizAlignment="center"  focusable="true" />
         <CustomCalendar id="calendar_view" />
         <LoginBtn id="submit" loginFlow="true" focusedTextColor="#000000" unfocusedTextColor="#FFFFFF"  bgWidth="392" bgHeight="92" localizeId="6838" bgUri="pkg:/images/$$RES$$/registrationbg.png"  focusedBgUri="pkg:/images/common/bgCalendarMonth.png" focusable="true" />
    </FocusableLayoutGroup>
   </Poster>
  </children>

  <script type="text/brightscript" uri="../../Classes/Utils/dateUtil.brs" />
  <script type="text/brightscript" uri="pkg:/components/Classes/Utils/Contants/RemoteKeys.brs" />
  <script type="text/brightscript" uri="CalendarScreen.brs" />
</component>