<component name="AfterMatchScreenMarkupGridItem" extends="BaseFocusableNode">

  <interface>
    <field id="width" type="float" alias="itemBackground.width, moment.width" />
    <field id="height" type="float" alias="itemBackground.height" />
    <field id="itemContent" type="node" onChange="_showContent" />
  </interface>

  <children>

    <Group id="itemBox">
      <MaskGroup id="roundCorners" masksize="[401, 401]">
        <Poster id="itemBackground" width="401" height="401" />
      </MaskGroup>
      <Poster id="moment" width="401" height="231" />
      <CustomLabel id="overview" width="300" wrap="true" lineSpacing="0" fontSize="27" />
    </Group>

  </children>

  <script type="text/brightscript" uri="AfterMatchScreenMarkupGridItem.brs" />

</component>