<component name="StateManager" extends="node">

    <interface>
        <!-- View States -->
        <field id="activityIndicatorEnabled" type="boolean" alwaysNotify="true" />
        <function name="toggleActivityIndicatorAC" />

        <field id="fullScreenStackAction" type="assocarray" alwaysNotify="true" />
        <function name="fullScreenStackAC" />

        <field id="screenLeftOffset" type="float" alwaysNotify="true" value="120" />
        <function name="setScreenLeftOffset" />

        <field id="sideBarOpenState" type="boolean" alwaysNotify="true" />
        <function name="toggleSideBarMenuAC" />

        <field id="selectedMenu" type="assocarray" alwaysNotify="true" />
        <function name="selectSideBarMenuAC" />

        <field id="lexicData" type="assocarray" alwaysNotify="true" />

        <field id="accountLogout" type="boolean" alwaysNotify="true" />
        <function name="logoutAcountScreenAC" />

        <field id="userData" type="assocarray" alwaysNotify="true" />

        <field id="isScoreVisible" type="boolean" alwaysNotify="true" value="true" />
        <function name="toogleScoreVisibilityAC" />

        <field id="homeContent" type="node" alwaysNotify="true" />
        <function name="getHomeContentAC" />

        <function name="calculateFullTimeDuration" />
        <field id="videoData" type="array" alwaysNotify="true" />

        <field id="matchInfoDetail" type="assocarray" alwaysNotify="true" />
        <function name="getMatchInfoDetail" />

        <function name="getMatchInfoForVideo" />

        <!-- User States -->
        <field id="isLoggedIn" type="boolean" alwaysNotify="true" />
        <field id="tokenRefreshed" type="boolean" alwaysNotify="true" />
        <field id="loginError" type="assocarray" alwaysNotify="true" />
        <function name="logOutAC" />
        <function name="_refreshToken" />
        <function name="getUserLoginStatus" />
        <function name="loginUserWithDataAC" />
        <function name="getLexicTranslation" />

    </interface>

    <script type="text/brightscript" uri="../Utils/dateUtil.brs" />
    <script type="text/brightscript" uri="../Utils/typeUtils.brs" />
    <script type="text/brightscript" uri="../Utils/valueUtils.brs" />
    <script type="text/brightscript" uri="../Utils/registerUtil.brs" />
    <script type="text/brightscript" uri="../Utils/localizationUtil.brs" />
    <script type="text/brightscript" uri="../../Classes/Utils/Contants/DateTimeFormat.brs" />

    <script type="text/brightscript" uri="RootReducer.brs" />
    <script type="text/brightscript" uri="StateManager.brs" />

    <script type="text/brightscript" uri="../Utils/Contants/APIPath.brs" />
    <script type="text/brightscript" uri="../Utils/Contants/ActionTypes.brs" />
    <script type="text/brightscript" uri="../Utils/Contants/ControlAction.brs" />
    <script type="text/brightscript" uri="../Utils/Contants/RequestFieldNames.brs" />

    <script type="text/brightscript" uri="./ActionCreators/ErrorHandler.brs" />

    <script type="text/brightscript" uri="./ActionCreators/ViewActionsCreator.brs" />
    <script type="text/brightscript" uri="./ActionCreators/UserActionsCreator.brs" />
    <script type="text/brightscript" uri="./ActionCreators/ContentActionsCreator.brs" />
    <script type="text/brightscript" uri="./ActionCreators/LocalizationActionsCreator.brs" />
</component>