<?xml version="1.0" encoding="UTF-8"?>

<!--********** Copyright 2016 Roku Corp.  All Rights Reserved. **********-->

<component name="VideoButtonControll" extends="BaseFocusableNode">
   
  <interface>
      <field id="itemFocused" type="integer" alias="button_controll.itemFocused"  />
      <field id="itemSelectedID" type="string" />
      <field id="key" type="string" alwaysNotify="true" />
  </interface>

    <children> 
        <MarkupGrid id="button_controll" itemComponentName="CustomVideoButton"  translation="[ 300, 280 ]"  numColumns="5" numRows="1" drawFocusFeedback="false" columnSpacings="[30.0, 30.0, 30.0, 30.0]" />
    </children>

      <script type="text/brightscript" uri="VideoButtonControll.brs" />
</component>