

<!--********** Copyright 2016 Roku Corp.  All Rights Reserved. **********-->

<component name="FocusedEditBox" extends="Group">
    <script type="text/brightscript" uri="FocusedEditBox.brs" />

    <interface>
        <field id="passFocus" type="boolean" alias="showPasswordBtn.passFocus" alwaysNotify="true" onChange="_getFocusBack" />
        <field id="buttonIconClicked" type="boolean" alias="showPasswordBtn.buttonIconClicked" onChange="_onButtonIconClicked" />
        <field id="visibleEye" type="boolean" alias="showPasswordBtn.visible" />
        <field id="passFocusOnEye" type="boolean" alwaysNotify="true" onChange="_onPassFocusOnEyeIcon" />
        <field id="width" type="integer"  onChange="onWidthChange"/>
        <field id="isKeybordCreated" type="boolean"/>
        <field id="height" type="integer"  onChange="onHeightChange"/>
        <field id="color" type="string" alias="hintText.color" />
        <field id="inputColor" type="string" alias="input.textColor" />
        <field id="hintText" type="string" alias="input.hintText"/>
        <field id="fontUri" type="string" alias="input.fontUri"/>
        <field id="secureMode" type="boolean" alias="input.secureMode" />
        <field id="showLabel" type="boolean" alias="hintText.visible"/>
        <field id="fontSize" type="string" alias="input.fontSize"/>
        <field id="text" type="string" alias="input.text"/>
        <field id="localizeId" type="string" alias="hintText.localizeId" />
        <field id="editBoxSelected" type="bool" alwaysNotify="true"/>
  	</interface>

      <children> 
         <Poster id="inputbg" uri="pkg:/images/ninePaths/backgroundinput.9.png">
             <TextEditBox id="input" leadingEllipsis="true" backgroundUri="pkg:/nil" textColor="#FF0000" clearOnDownKey="false">
                <CustomLabel id="hintText" translation = "[0, 5]"  />
             </TextEditBox>
             <CustomEyeIcon id="showPasswordBtn" translation = "[550, 12]" backgroundWidth="60"  backgroundHeight="55" eyeIconWidth="42" eyeIconHeight="35" unfocusedUri="pkg:/images/icons/eyeIcon.png" />
         </Poster>
         <Animation id="inputAnimation"  duration="0.6" repeat="false"  easeFunction="linear" >
            <FloatFieldInterpolator id = "inputWidth"  fieldToInterp="inputbg.width" />
         </Animation>
      </children>
</component>

