<component name="NavigationStack" extends="Group">

    <interface>
        <function name="showScreen" />
        <function name="removeScreen" />
        <function name="pop" />
        <function name="popToRoot" />
        <function name="replaceStackWith" />
        <function name="screensCount" />
        <function name="topScreen" />
        <function name="screens" />
        <function name="back" />
    </interface>

    <children>
        <Animation id="apearAnimation" duration="0.3" easeFunction="inOutQuintic">
            <FloatFieldInterpolator id="appearOpacityInterpolator" key="[0.0,1.0]" keyValue="[0.0, 1.0]" fieldToInterp="screen.opacity" />
        </Animation>
    </children>

    <script type="text/brightscript" uri="NavigationStack.brs" />
    <script type="text/brightscript" uri="../../Classes/Utils/typeUtils.brs" />
    <script type="text/brightscript" uri="../../Classes/Utils/Contants/RemoteKeys.brs" />
    <script type="text/brightscript" uri="../../Classes/Utils/Contants/NavigationActions.brs" />
</component>