<component name="AdditionalInfoBar" extends="Group" initialFocus="AdditionalInfoBar">

    <interface>
        <field id="initialSelectedItem" type="integer" value="0" onChange="_selectInititlaItem" />
        <field id="testData" type="array" onChange="_onTestDataChange" />
        <field id="menuItem" type="string" />
        <field id="setFocus" type="boolean" alwaysNotify="true" />
    </interface>
    
    <children> 
      <MarkupGrid id="AdditionalInfoBar" translation="[ 300, 280 ]" itemComponentName="AdditionalInfoBarItem" numColumns="5" numRows="1" itemSpacing="[ 0, 0 ]" focusFootprintBitmapUri="pkg:/images/common/rectangle.9.png" focusFootprintBlendColor="0xFFFFFF00" focusBitmapUri="pkg:/images/common/rectangle.9.png" focusBitmapBlendColor="0xFFFFFF40" />
    </children>

    <script type="text/brightscript" uri="AdditionalInfoBar.brs" />
</component>
