<?xml version="1.0" encoding="utf-8"?>

<component name="HomeScreenRowListItem" extends="Group">

  <interface>
    <field id="width" type="float" alias="itemBackground.width, moment.width" />
    <field id="height" type="float" alias="itemBackground.height" />
    <field id="itemContent" type="node" onChange="_showContent" />
  </interface>

  <children>
    <Group id="itemBox">
      <MaskGroup id="roundCorners" masksize="[426, 426]">
        <Poster id="itemBackground" width="426" height="426" />
      </MaskGroup>

      <Poster id="moment" width="426" height="246" />
      <InterectivePoster id="InterectivePoster" translation="[16,16]" />
      <Poster id="subscriptionsIcon" width="50" height="50" translation="[16, 200]" visible="false" />

      <LayoutGroup id="leftAlighnetItemContainer" layoutDirection="vert" horizAlignment="left" itemSpacings="[40]" translation="[16,65]">
        <LayoutGroup id="itemContainer" layoutDirection="vert" horizAlignment="center" itemSpacings="[60, 20]">

          <LayoutGroup id="teams" layoutDirection="horiz" itemSpacings="26">
            <Poster id="teamOne" width="152" height="128" loadDisplayMode="scaleToFit" />
            <Poster id="teamTwo" width="152" height="128" loadDisplayMode="scaleToFit" />
          </LayoutGroup>

          <LayoutGroup id="teamsScoreOne" layoutDirection="horiz" itemSpacings="20">
            <CustomLabel id="teamOneName" uri="pkg:/fonts/SFUIText-Semibold.ttf" fontSize="27"/>
            <CustomLabel id="teamOneScore" uri="pkg:/fonts/SFUIText-Semibold.ttf" fontSize="27" />
          </LayoutGroup>

          <LayoutGroup id="teamsScoreTwo" layoutDirection="horiz" itemSpacings="20">
            <CustomLabel id="teamTwoName" uri="pkg:/fonts/SFUIText-Semibold.ttf" fontSize="26" />
            <CustomLabel id="teamTwoScore" uri="pkg:/fonts/SFUIText-Semibold.ttf" fontSize="26"  />
          </LayoutGroup>

        </LayoutGroup>
        <LayoutGroup id="about" layoutDirection="horiz" vertAlignment="center" itemSpacings="18">
          <Poster id="sportTypeIcon" width="15" height="15" />
          <Poster id="countryFlagIcon" width="22" height="15" />
          <CustomLabel id="divisionLabel" uri="pkg:/fonts/SFUIText-Semibold.ttf" fontSize="18" />
          <Poster id="favoriteIcon" width="14" height="14" />
        </LayoutGroup>
      </LayoutGroup>
    </Group>

  </children>

  <script type="text/brightscript" uri="HomeScreenRowListItem.brs" />
  <script type="text/brightscript" uri="../../../Classes/Utils/dateUtil.brs" />
  <script type="text/brightscript" uri="../../../Classes/Utils/typeUtils.brs" />
  <script type="text/brightscript" uri="../../../Classes/Utils/valueUtils.brs" />
  <script type="text/brightscript" uri="../../../Classes/Utils/registerUtil.brs" />
  <script type="text/brightscript" uri="../../../Classes/Utils/Contants/DateTimeFormat.brs" />
</component>