<component name="CustomLangMenu" extends="BaseScreen" initialFocus="menu_language">

  <interface>
   <field id="selectedItemIndex" alias="menu_language.rowItemSelected" type="integer" alwaysNotify="true"  />
   <field id="selectedElement" type="string" />
   <field id="content" type="roArray" onChange="_fillMenuContentNode" />
   <field id="monthTimeStamp" type="integer" />
   <field id="localizeId" type="string" onChange="_onLocalizeIdChange" />
  </interface>

  <children>
    <Poster id="background" uri="pkg:/images/common/exit.png"  width="1920" height="1080">
      <LayoutGroup id="container" horizAlignment="center" itemSpacings="[20.0]">
         <CustomLabel id="hiqhlight"  fontSize="27"  />
         <RowList id="menu_language" itemComponentName="CustomLanguageItem" itemSize="[369, 78]" rowHeights="[78.0]"  rowItemSize="[ [369, 78] ]" vertFocusAnimationStyle="floatingFocus" rowFocusAnimationStyle="floatingFocus"   focusable="true" drawFocusFeedback="false" />
      </LayoutGroup>
    </Poster>
  </children>

  <script type="text/brightscript" uri="CustomLangMenu.brs" />
  <script type="text/brightscript" uri="pkg:/components/Classes/Utils/validationUtils.brs"/>
</component>