<component name="VideoPlayer" extends="BaseScreen" initialFocus="playBar">

  <interface>
    <field id="video" type="assocarray" onChange="_onVideoPlay" />
    <field id="passFocus" type="string" alias="progressView.passFocus" onChange="_onFocusRecive" />
    <field id="passFocusToProgressBar" type="boolean" alias="miniPlayBarier.passFocusToProgressBar" alwaysNotify="true" onChange="_onFocusPassToBar" />
    <field id="resolution" type="string" value="720" />
    <field id="stopVideoPlayer" alias="progressView.stopVideoPlayer" alwaysNotify="true" type="boolean" onChange="_onStopVidePlayer" />
    <field id="changedResolution" type="string" alias="resolutionChose.resolution" value="720" onChange="_onResolutionChange" />
    <field id="key" type="string" alias="videoBtnControll.key"  />
    <field id="selectedEpisode" type="assocarray"  />
    <field id="itemFocused" type="integer" alias="playBar.itemFocused" />
    <field id="dialogBtnSelected" type="boolean" />
    <field id="focusToProgress" type="boolean" alias="miniPlayBarier.focusToProgress" onChange="_onFocusToProgress" />
    <field id="itemSelected" type="string" alias="videoBtnControll.itemSelectedID" onChange="_onItemSelected" />
    <field id="miniitemFocused" type="integer" alias="miniPlayBarier.itemFocused" />
    <field id="playBarItemSelected" type="integer" alias="playBar.itemSelected" alwaysNotify="true" onChange="_onPlayBarItemSelected" />
    <field id="miniPlayBaritemSelected" type="integer" alias="miniPlayBarier.miniitemSelected" alwaysNotify="true" onChange="_onMiniPlayBarItemSelected" />
    <field id="buttonControllFocused" type="integer" alias="videoBtnControll.itemFocused" />
  </interface>

  <children>
    <Video id="videoPlayer" enableTrickPlay="false" seekMode="accurate" enableUI="false" width="1920" notificationInterval="1.0" height="1080" />
    <LayoutGroup id="focusLayout" itemSpacings="[-20.0, -50.0]" translation="[160, 1060]">
      <FocusableLayoutGroup id="highPart" layoutDirection="horiz" itemSpacings="[410]" vertAlignment="center">
        <CustomVideoBtn id="button_setting" bgUri="pkg:/images/$$RES$$/bgAfterMatchMenu.png" iconUri="pkg:/images/common/settingvideo.png" bgWidth="30" bgHeight="60" iconWidth="10" iconHeight="40" focusable="true" />
        <CustomPlayBar id="miniPlayBarier" itemComponentName="CustomPlaybarButton" numColumns="7" numRows="1" columnSpacings="[40.0, 20.0, 50.0, 50.0, 20.0, 40.0]" itemSize="[70, 70]" focusable="true" />
      </FocusableLayoutGroup>
      <FocusableLayoutGroup id="conteiner-bar-set" layoutDirection="horiz" itemSpacings="[410]" vertAlignment="center">
        <VideoButtonControll id="videoBtnControll" />
        <CustomVideoBtn id="button_up_bar" bgUri="pkg:/images/$$RES$$/bgAfterMatchMenu.png" iconUri="pkg:/images/common/updirection.png" bgWidth="55" bgHeight="40" iconWidth="35" iconHeight="20" focusable="true" />
      </FocusableLayoutGroup>
    </LayoutGroup>
    <FocusableGroup id="playBarContainer" layoutDirection="vert">
      <CustomPlayBar id="playBar" itemComponentName="CustomPlaybarButton" numColumns="7" numRows="1" columnSpacings="[80.0, 45.0, 100.0, 100.0, 45.0, 80.0]" itemSize="[140, 140]" />
      <CustomVideoBtn id="button_up" translation="[943, 936]" bgUri="pkg:/images/$$RES$$/bgAfterMatchMenu.png" iconUri="pkg:/images/common/updirection.png" bgWidth="55" bgHeight="40" iconWidth="35" iconHeight="20" focusable="true" />
    </FocusableGroup>

    <ProgressView id="progressView" translation="[160, 905]" />
    <Rectangle id="rect" translation="[0,0]" width="1920" height="1080" visible="false" color="#000000"/>
    <CustomResolutionChoose id="resolutionChose" visible="false" />
    <ParallelAnimation id="upParallelAnimation">
      <Animation id="progressBarMoving" duration="0.5" repeat="false" control="start" easeFunction="linear">
        <Vector2DFieldInterpolator id="progressBarInterpolator" key="[0.0, 1.0]" fieldToInterp="progressView.translation" />
      </Animation>
      <Animation id="trickPlayBarMoving" duration="0.5" control="start" easeFunction="linear">
        <Vector2DFieldInterpolator id="trickPlayInterpolator" key="[0.0, 1.0]" fieldToInterp="focusLayout.translation" />
      </Animation>
    </ParallelAnimation>
     <Timer id="seekTimer" duration="1." control="start" />
     <Timer id="playerTimer" duration="5" control="start" />
  </children>

  <script type="text/brightscript" uri="VideoPlayer.brs" />
  <script type="text/brightscript" uri="../../Classes/Utils/registerUtil.brs" />
  <script type="text/brightscript" uri="../../Classes/Utils/Contants/RemoteKeys.brs" />
  <script type="text/brightscript" uri="../../Classes/Utils/Contants/ControlAction.brs" />
</component>