<component name="CustomPlaybarButton" extends="BaseScreen">

    <interface> 
        <field id="width" type="float" alias="background.width" />  
        <field id="height" type="float" alias="background.height" />     
        <field id="itemContent" type="node" onChange="_fillInContent" />
        <field id="focusPercent" type="float" onChange="_onFocusPercent" />
        <field id="gridHasFocus" type="boolean" onChange="_onGridLoseHasFocus" />
    </interface>

    <children>
     <Poster id="background" opacity="0.0" uri="pkg:/images/$$RES$$/bgAfterMatchMenu.png" blendColor="0xFFFFFFFF" />
     <Poster id="playbar_button_icon" />
     <FloatFieldInterpolator id="colorInterpolator" fieldToInterp="background.opacity" keyValue="[0.0, 0.55]" key="[0.0, 1.0]" />
    </children>

    <script type="text/brightscript" uri="CustomPlaybarButton.brs" />
    
</component> 