

<!--********** Copyright 2016 Roku Corp.  All Rights Reserved. **********-->

<component name="LoginBtn" extends="Group">
    <interface> 
      <field id="loginFlow" type="boolean" />
      <field id="changeColor" type="boolean" />
      <field id="focusedTextColor" type="string" />
      <field id="unfocusedTextColor" type="string" />
      <field id="changeFocusedColor" type="boolean" onChange="_onChangeFocusedColor" />
      <field id="bgUri" type="string" alias="background.uri"  />
      <field id="fontSize" type="int" alias="loginElements_text.fontSize" value="25" />
      <field id="focusedBgUri" type="string" alias="secondBg.uri"/>
      <field id="buttonClicked" type="boolean" alwaysNotify="true" />
      <field id="bgWidth" type="float" alias="background.width"  />
      <field id="bgHeight" type="float" alias="background.height" onChange="_mirorWidthPoster" />
      <field id="localizeId" type="string" alias="loginElements_text.localizeId" onChange="_centralizeInsadeLable"/> 
      <field id="dinamicSizeValue" type="boolean" onChange="_onDinamicSizeValueCalculated" />    
  	</interface>

      <children>  
            <Poster id="background"/> 
            <Poster id="secondBg"  visible="false" />
            <CustomLabel id="loginElements_text" fontSize="25" />
      </children>

      <script type="text/brightscript" uri="LoginBtn.brs" />
      <script type="text/brightscript" uri="pkg:/components/Classes/Utils/Contants/RemoteKeys.brs" />
</component>