<component name="AfterMatchMenuItem" extends="BaseFocusableNode" initialFocus="menu__list">

     <interface>
          <field id="menuItems" type="array" onChange="_onSubMenuItemsChanged" />
          <field id="selectedMenu" type="assocArray" />
     </interface>

     <children>
          <RowList id="menu__list" itemComponentName="MenuCustomItem" itemSize="[604, 68]" rowHeights="[68.0]" rowSpacings="[30.0, 30.0, 30.0 ,30.0]" rowItemSize="[[604, 68]]" vertFocusAnimationStyle="floatingFocus" rowFocusAnimationStyle="floatingFocus" numRows="4" translation="[100, 100]" focusable="true" drawFocusFeedback="false" />
     </children>

     <script type="text/brightscript" uri="AfterMatchMenuItem.brs" />
</component>