<component name="CustomVideoButton" extends="Group">

    <interface>
         <field id="width" type="float" alias="background.width" />
         <field id="height" type="float" alias="background.height" />
         <field id="itemContent" type="node" onChange="_fillInContent" />
         <field id="focusPercent" type="float" onChange="_onFocusPercent" />
         <field id="gridHasFocus" type="boolean" onChange="_onGridLoseHasFocus" />  
    </interface>

    <children>
       <Poster id="background" uri="pkg:/images/common/rectangle.9.png" >
          <CustomLabel id="button_text" fontSize="25" />
       </Poster>

      <ColorFieldInterpolator id="colorInterpolator" fieldToInterp="background.blendColor" keyValue="[0x3f3f3fff, 0xffffffff]" key="[0.0, 1.0]" />
      <ColorFieldInterpolator  id="buttonTextColorInterpolator" fieldToInterp="button_text.color" keyValue="[0xffffffff, 0x000000ff]" key="[0.0, 1.0]" />
    </children>

    <script type="text/brightscript" uri="CustomVideoButton.brs" />
</component> 