<component name="CustomEyeIcon" extends="Group">

    <interface>
        <field id="passFocus" type="boolean" alwaysNotify="true" />
        <field id="buttonIconClicked" type="boolean"  />
        <field id="bgUri" type="string"  />
        <field id="eyeIconWidth" type="float" alias="eyeIconVisible.width"  />
        <field id="eyeIconHeight" type="float" alias="eyeIconVisible.height" onChange="_setWidthHeightAnPoster"  />
    </interface>

    <children>
      <Group>
        <Poster id="eyeIconVisible" visible="false" uri="pkg:/images/icons/visibility.png"  blendColor="#000000" />
        <Poster id="eyeyIconUnvisible"  uri="pkg:/images/icons/eyeIcon.png" blendColor="#000000" />
      </Group>
    </children>

    <script type="text/brightscript" uri="CustomEyeIcon.brs" />
    <script type="text/brightscript" uri="pkg:/components/Classes/Utils/Contants/RemoteKeys.brs" />
</component>