<component name="TeamInfoView" extends="Group">

  <script type="text/brightscript" uri="TeamInfoView.brs" />

  <interface>
  </interface>

  <children>
    <LayoutGroup id="container" itemSpacings="[40.0]" vertAlignment="center" layoutDirection="horiz" translation="[530, 100]">
    <Poster id="leftSide" width="175" height="168"  uri="pkg:/images/TestImages/logo.png" />
     <LayoutGroup id="rightSide" >
       <CustomLabel text="Российская Премьер-Лига" fontSize="45" />
       <LayoutGroup id="infoTeam" itemSpacings="[7.0]" layoutDirection="horiz" vertAlignment="center" >
         <Poster id="infoTeamIcon" uri="pkg:/images/TestImages/image.png" width="46" height="29" />
         <CustomLabel id="infoTeamText" text="Росия" fontSize="32" />
       </LayoutGroup>
      </LayoutGroup>
    </LayoutGroup>
  </children>
</component>