<component name="CustomMenu" extends="Group">

    <interface>
    </interface>

    <children>
       <Poster id="menu_Bg" width="800" height="72" uri="pkg:/images/buttonBg.png" blendColor="#0000ff" > 
          <RowList id="menuList" itemComponentName="CustomMenuItem"   itemSize="[800, 920]"  rowHeights="[72.0]"   vertFocusAnimationStyle="floatingFocus" rowFocusAnimationStyle="floatingFocus" focusable="true"  numRows="1" drawFocusFeedback="true" />
       </Poster>
    </children>

    <script type="text/brightscript" uri="CustomMenu.brs" />

</component>

