<component name="CustomMenu"   extends="Group">

    <interface>
      <field id="content" type="assocarray" />
      <field id="indexToMove" alias="elementLayout.indexToMove" type="integer" onChange="_moveFocusMirror" />
      <field id="moveDirection" alias="elementLayout.moveDirection" type="string" alwaysNotify="true" />
    </interface>

    <children>
       <Poster id="menu_Bg"  uri="pkg:/images/buttonBg.png" blendColor="#800080" opacity="0.6" /> 
       <Poster id="focusMirror" uri="pkg:/images/ninePaths/focusmirror.9.png"   />
          <FocusableLayoutGroup id="elementLayout" layoutDirection="horiz" itemSpacings="[0]">
                 
          </FocusableLayoutGroup>
      <ParallelAnimation   id = "parallelAnimation" >
         <Animation id="translationAnimation" duration="0.1"  easeFunction="inOut" >
            <Vector2DFieldInterpolator id = "transInterpolator" key="[0.0, 1.0]"  fieldToInterp="focusMirror.translation" />
          </Animation>
         <Animation id="widthAnimation" duration="0.1" easeFunction="inOut" >
             <FloatFieldInterpolator id="widthInterpolator"  key= "[0.0, 1.0]"  fieldToInterp="focusMirror.width" />
         </Animation>
      </ParallelAnimation>
    </children>

    <script type="text/brightscript" uri="CustomMenu.brs" />

</component>