<component name="CustomResolutionItem" extends="Group">

    <interface>
         <field id="width" type="float" alias="background.width" />
         <field id="height" type="float" alias="background.height" />
         <field id="itemContent" type="node" onChange="_fillInContent" />
         <field id="rowFocusPercent" type="float" onChange="_onFocusPercent" />
         <field id="rowListHasFocus" type="boolean" onChange="_onGridLoseHasFocus" />  
    </interface>

    <children>
       <Poster id="background" uri="pkg:/images/common/eventBg.png" blendColor="0x3f3f3fff" >
          <CustomLabel id="button_text" fontSize="38" />
          <Poster id="check_sign" width="44" height="30" uri="pkg:/images/common/checksign.png" visible="false"/>
       </Poster>
      <ColorFieldInterpolator id="colorInterpolator" fieldToInterp="background.blendColor" keyValue="[0x3f3f3fff, 0xffffffff]" key="[0.0, 1.0]" />
      <ColorFieldInterpolator  id="buttonTextColorInterpolator" fieldToInterp="button_text.color" keyValue="[0xffffffff, 0x000000ff]" key="[0.0, 1.0]" />
      <ColorFieldInterpolator id="blendInterpolator" fieldToInterp="check_sign.blendColor" keyValue="[0xffffffff, 0x3f3f3fff]" key="[0.0, 1.0]" />
    </children>
    <script type="text/brightscript" uri="CustomResolutionItem.brs" />
</component> 