<component name="CustomPlayBar" extends="BaseFocusableNode" initialFocus="playbarList">

    <interface>
        <field id="passFocusToProgressBar" type="boolean" alwaysNotify="true" />
        <field id="focusToProgress" type="boolean" />
        <field id="itemComponentName" type="string" alias="playbarList.itemComponentName"/>
        <field id="numColumns" type="integer" alias="playbarList.numColumns" />
        <field id="numRows" type="integer" alias="playbarList.numRows" />
        <field id="columnSpacings" type="floatarray" alias="playbarList.columnSpacings" />
        <field id="itemSize" type="vector2d" alias="playbarList.itemSize" />
        <field id="jumpToItem" alwaysNotify="true" type="integer" onChange="_jumpToItem" />
        <field id="itemFocused" type="integer" alias="playbarList.itemFocused" />
        <field id="itemSelected" type="integer" alwaysNotify="true" />
        <field id="miniitemSelected" type="integer" alwaysNotify="true" />
        <field id="playerState" type="string" onChange="_playerStateChanged" />
    </interface>

    <children>
        <MarkupGrid id="playbarList" drawFocusFeedback="false" drawFocusFeedbackOnTop="false" />
    </children>

    <script type="text/brightscript" uri="CustomPlayBar.brs" />
    <script type="text/brightscript" uri="../../Classes/Utils/Contants/ControlAction.brs" />
</component> 