<component name="BaseScreen" extends="BaseFocusableNode">

    <interface>
        <field id="overhandLogoUri" type="string" onChange="_onOverhandUriChanged" />
        <field id="backgroundUri" type="string" onChange="_onBackgroundUriChanged" />
        <field id="bodyBackgroundUri" type="string" onChange="_onBodyBackgroundUriChanged" />

        <function name="screenWillShow" />
        <function name="screenWillHide" />
        <function name="screenDidShow" />
        <function name="screenDidHide" />
    </interface>

    <script type="text/brightscript" uri="BaseScreen.brs" />
    <script type="text/brightscript" uri="../../Classes/Utils/dateUtil.brs" />
    <script type="text/brightscript" uri="../../Classes/Utils/valueUtils.brs" />
    <script type="text/brightscript" uri="../../Classes/Utils/Contants/DateTimeFormat.brs" />
    <script type="text/brightscript" uri="../../Classes/Utils/Contants/NavigationActions.brs" />
    <script type="text/brightscript" uri="../../Classes/Utils/typeUtils.brs" />
</component>