<component name="ItemCustomPlayer" extends="BaseFocusableNode">

    <interface>
       <field id="width" type="float" alias="background.width" />
       <field id="height" type="float" alias="background.height" />
       <field id="itemContent" type="node" onChange="_fillInContent" />
       <field id="rowListHasFocus" type="boolean" onChange="_onGridLoseHasFocus" />
       <field id="rowFocusPercent" type="float" onChange="_onFocusPercent" />
 
    </interface>
    <children>
      <Poster id="background" uri="pkg:/images/common/eventBg.png">
        <Poster id="first_player" width="94" height="100" translation="[20, 10]" /> 
        <LayoutGroup id="info_container" itemSpacings="[3.0]" horizAlignment="center"  >
            <LayoutGroup id="first_line" layoutDirection="horiz"  itemSpacings="[13.0]">
                 <CustomLabel id="number" fontSize="27" text="26'" />
                 <CustomLabel id="airshot" fontSize="27" text="Удар в створ" />
            </LayoutGroup>
            <CustomLabel id="name_info" text="Ulquiorra Shiffer" />
        </LayoutGroup>
        <Poster id="second_player" width="94" height="100" translation="[775, 10]" />
      </Poster>
      <ColorFieldInterpolator id="colorInterpolator" fieldToInterp="background.blendColor" keyValue="[0x3f3f3fff, 0xffffffff]" key="[0.0, 1.0]" />
      <ColorFieldInterpolator id="playerColorInterpolator" fieldToInterp="airshot.color" keyValue="[0xffffffff, 0x000000ff]" key="[0.0, 1.0]" />
      <ColorFieldInterpolator id="shotnumColorInterpolator" fieldToInterp="number.color" keyValue="[0xffffffff, 0x000000ff]" key="[0.0, 1.0]" />
      <ColorFieldInterpolator id="timeColorInterpolator" fieldToInterp="name_info.color" keyValue="[0xe5e5e5ff, 0x3f3f3fff]" key="[0.0, 1.0]" />
    </children>
    <script type="text/brightscript" uri="ItemCustomPlayer.brs" />
</component>