<?xml version="1.0" encoding="UTF-8"?>
<component name="InterectivePoster" extends="Group" xmlns:xsi="http://www.w3.org/2001/XMLSchema-instance" xsi:noNamespaceSchemaLocation="https://devtools.web.roku.com/schema/RokuSceneGraph.xsd">
    <script type="text/brightscript" uri="InterectivePoster.brs" /> 

    <interface>
        <!-- <field id="text" type="string" alias="label.text"/>
        <field id = "width" type = "float" alias="backgroundPoster.width, label.width"/>
        <field id = "height" type = "float" alias="backgroundPoster.height, label.height"/>
        <field id="uri" type="string" alias="backgroundPoster.uri"/>
        <field id="translation" type="array" alias="backgroundPoster.translation, label.translation"/> -->
        <field id="interectiveLabelTime" type="string" alwaysNotify="true" onChange = "onInterectiveLabelTimeChanged"/>

    </interface>    

	<children> 
        <Group id="itemBox">
            <Poster id="backgroundPoster" height="40" width="100"/>
            <CustomLabel id="label"/>
        </Group>
    </children>
</component>
