<component name="CustomCalendar" extends="BaseFocusableNode">

    <interface>
      <field id="selectDataOnce" type="boolean" />
      <field id="selectedData" type="integer" onChange="_onSelectedData" />
      <field id="epoch" type="integer" />
      <field id="dataForCalendar" type="assocarray" onChange="_onDataForCaledarSet" />
    </interface>

    <children>
        <LayoutGroup id="container" itemSpacings="[25.0]"  horizAlignment="center">
          <LayoutGroup id="daysNameContainer" layoutDirection="horiz" horizAlignment="center" itemSpacings="[80.0]" focusable="false" />
          <RowList id="daysList"
                   itemComponentName="CustomCalendarDayRepresentation"
                   itemSize="[715, 200]"
                   rowHeights="[55.0, 55.0, 55.0, 55.0, 55.0, 55.0]"
                   rowSpacings="[30.0, 30.0, 30.0, 30.0, 30.0, 30.0]"
                   rowItemSize="[[55, 55]]" 
                   vertFocusAnimationStyle="floatingFocus" 
                   rowFocusAnimationStyle="floatingFocus" 
                   focusFootprintBitmapUri="pkg:/images/common/rectangle.9.png"
                   focusFootprintBlendColor="0xFFFFFF00" 
                   focusBitmapUri="pkg:/images/icons/current.png" 
                   focusBitmapBlendColor="0xFFFFFF"             
                   rowItemSpacing= "[ [55, 0] ]"
                   focusable="true"
                   drawFocusFeedback="true" />
      </LayoutGroup>
    </children>

    <script type="text/brightscript" uri="CustomCalendar.brs" />
    <script type="text/brightscript" uri="pkg:/components/Classes/Utils/dateUtil.brs"/>
</component> 