<component name="ActivityFacade" extends="Group">
    <script type="text/brightscript" uri="ActivityFacade.brs" />
    <script type="text/brightscript" uri="../../Classes/Utils/typeUtils.brs" />

    <interface>
        <field id="bEatKeyEvents" type="boolean" value="true"/>
        <field id="isAnimating" type="boolean"/>
        <function name="show"/>
    </interface>

    <children>
        <Rectangle 
            id = "background" 
            color = "0x000000E6"
            width = "1920"
            height = "1080"  
            opacity = "0">
            <LayoutGroup 
                id = "loadingGroup" 
                itemSpacings = "[24]"
                translation = "[960, 540]"
                layoutDirection = "vert" 
                horizAlignment = "center" 
                vertAlignment = "center">

                <BusySpinner 
                    id = "busySpinner" 
                    control = "stop" />

                <CustomLabel 
                    id = "loadingLabel" 
                    fontSize = "24"
                    text = "loading" />

            </LayoutGroup>
        </Rectangle>

        <Animation id="appearAnimation" duration="0.3" repeat="false" easeFunction="inOutQuad" >
            <FloatFieldInterpolator id = "opacityInterpolator" key="[0.0, 1.0]" keyValue="[ 0, 1.0]" fieldToInterp="background.opacity" />
        </Animation>

    </children>
</component>
