<component name="InfoAboutPlayers" extends="BaseFocusableNode" initialFocus="container">

    <interface>
        <field id="teamOneData" type="array" onChange="_fillInContentNodeForFirstTeam" />
        <field id="teamTwoData" type="array" onChange="_fillInContentNodeForSecondTeam" />
    </interface>

    <children>
        <FocusableLayoutGroup id="container" layoutDirection="horiz">
            <MarkupList id="firstTeamList" itemComponentName="CustomItemPlayer" itemSize="[764, 76]" numColumns="1" itemSpacing="[0, 20]" numRows="7" vertFocusAnimationStyle="floatingFocus" drawFocusFeedback="false" />
            <MarkupList id="secondTeamList" itemComponentName="CustomItemPlayer" itemSize="[764, 76]" numColumns="1" itemSpacing="[0, 20]" numRows="7" vertFocusAnimationStyle="floatingFocus" drawFocusFeedback="false" />
        </FocusableLayoutGroup>
    </children>

    <script type="text/brightscript" uri="InfoAboutPlayers.brs" />
</component>