<?xml version="1.0" encoding="UTF-8"?>

<!--********** Copyright 2016 Roku Corp.  All Rights Reserved. **********-->

<component name="CustomVideoBtn" extends="BaseScreen">
    <interface> 
      <field id="bgUri" type="string" alias="background.uri" />
      <field id="buttonClicked" type="boolean" alwaysNotify="true" />
      <field id="bgWidth" type="float" alias="background.width"  />
      <field id="bgHeight" type="float" alias="background.height" />
      <field id="iconUri" type="string" alias="icon.uri"/>
      <field id="iconWidth" type="float" alias="icon.width"/>
      <field id="iconHeight" type="float" alias="icon.height" onChange="_centralizeIcon"/>     
  	</interface>

      <children>  
            <Poster id="background" visible="false" /> 
            <Poster id="icon"/>
      </children>

      <script type="text/brightscript" uri="CustomVideoBtn.brs" />
      <script type="text/brightscript" uri="pkg:/components/Classes/Utils/Contants/RemoteKeys.brs" />
</component>