<component name="DaySwitcherView" extends="BaseFocusableNode">

    <interface>
        <field id="selectedDateEpoch" type="integer" onChange = "_getTimeSetTime"/>
        <field id="isCalendarCreating" type="boolean" alwaysNotify="true" />
    </interface>

    <children>
        <FocusableLayoutGroup id="container" vertAlignment="center" layoutDirection="horiz" itemSpacings="[56.0]" focusable="true">
            <CustomButtonView id="left__switch" layoutFlow="true" iconUri="pkg:/images/icons/leftSwitch.png" bgUri="pkg:/images/$$RES$$/dataFocus.png"  focusedBColorIcon="#000000" backgroundWidth="50" vertAlignment="center" iconWidth="20" backgroundHeight="70" iconHeight="40" focusable="true" />
            <Poster id="backgrounCalendar"  width="290" height="105" focusable="true" >
              <LayoutGroup id="dayContent" horizAlignment="center" itemSpacings="[0.0]">
                <CustomLabel id="dayNumber" horizAlign="center" fontSize="45" />
                <CustomLabel id="dayName"  horizAlign="center" fontSize="20" />
              </LayoutGroup>
            </Poster>
            <CustomButtonView id="right__switch" layoutFlow="true" iconUri="pkg:/images/icons/rightSwitch.png" focusedBColorIcon="#000000" bgUri="pkg:/images/$$RES$$/dataFocus.png"  backgroundWidth="50" iconWidth="20" vertAlignment="center" backgroundHeight="70" iconHeight="40" focusable="true" />
        </FocusableLayoutGroup>
    </children>

    <script type="text/brightscript" uri="DaySwitcherView.brs" />
    <script type="text/brightscript" uri="pkg:/components/Classes/Utils/dateUtil.brs" />
    <script type="text/brightscript" uri="pkg:/components/Classes/Utils/valueUtils.brs" />
    <script type="text/brightscript" uri="../../Classes/Utils/Contants/RemoteKeys.brs" />
    <script type="text/brightscript" uri="../../Classes/Utils/Contants/DateTimeFormat.brs" />
</component>

