<component name="SideBar" extends="BaseFocusableNode">

    <interface>
        <field id="initialSelectedItem" type="integer" value="1" onChange="selectInititlaItem" />
        <field id="screen" type="string" />
    </interface>

    <children>
        <RowList id="navigationMenu"
              itemComponentName="NavigationItem"
              itemSize="[440, 80]" rowHeights="[80.0]"
              rowSpacings="[0.0]" rowItemSize="[[440, 80]]" 
              vertFocusAnimationStyle="floatingFocus" 
              rowFocusAnimationStyle="floatingFocus"  
              drawFocusFeedbackOnTop="false"  
              numRows="4"
              focusFootprintBitmapUri="pkg:/images/common/eventBg.png"
              focusFootprintBlendColor="0xFFFFFF00"
              focusBitmapUri="pkg:/images/common/eventBg.png" 
              focusBitmapBlendColor="0xFFFFFF" />
    </children>

    <script type="text/brightscript" uri="SideBar.brs" />
</component>