<component name="CustomCalendarDayRepresentation" extends="Group">

    <interface>
         <field id="width" type="float" alias="background.width" />
         <field id="height" type="float" alias="background.height" />
         <field id="itemContent" type="node" onChange="_fillInContent" />
         <field id="index" type="integer" />
         <field id="rowListHasFocus" type="boolean" onChange="_onGridLoseHasFocus" />
         <field id="focusPercent" type="float" onChange="_onFocusPercent" />
         <field id="rowFocusPercent" type="float" onChange="_onRowFocusPercent" /> 
         <field id="itemHasFocus" type="boolean"  onChange="_onItemHasFocus" />
    </interface>

    <children>
     <Poster id="background"  uri="pkg:/images/icons/whiteDay.png" visible="false" />
     <CustomLabel id="day_number" uri ="pkg:/fonts/SFUIText-Regular.ttf"  width = "55" height="55" fontSize="24" color="#FFFFFF" /> 
    </children>
   
   <script type="text/brightscript" uri="CustomCalendarDayRepresentation.brs"/>
</component> 
