<?xml version="1.0" encoding="UTF-8"?>

<component name="CustomDialogElement" extends="Group">
    <interface>
        <field id="text" type="string" alwaysNotify="true" onChange="_centralizeDialogText" />
    </interface>

	<children> 
      <Rectangle id="background" color="#3F3F3F" width="900" height="500" >
        <LayoutGroup id="layout">
           <CustomLabel id="dialog_text" fontSize="20" wrap="true" horizAlign="center" width="500" height="200" />
            <CustomButtonView id="btn" />
         </LayoutGroup>
      </Rectangle>
    </children>

     <script type="text/brightscript" uri="CustomDialogElement.brs" />  
</component>