<component name="MenuCustomItem" extends="BaseFocusableNode">

  <interface>
    <field id="itemContent" type="node" onChange="displayContent" />
    <field id="width" type="float" alias="background.width" />
    <field id="height" type="float" alias="background.height" />
    <field id="itemHasFocus" type="boolean" onChange="_onItemFocus" />
    <field id="rowFocusPercent" type="float" onChange="_onFocusPercent" />
    <field id="rowListHasFocus" type="boolean" onChange="_onGridLoseHasFocus" />
  </interface>

  <children>
    <Poster id="background" uri="pkg:/images/common/eventBg.png"  blendColor="0x3f3f3fff"/>
    <CustomLabel id="video__name" height="32" fontSize="27" />
    <CustomLabel id="video__timespan" height="32" fontSize="27" />
  
    <ColorFieldInterpolator id="colorInterpolator" fieldToInterp="background.blendColor" keyValue="[0x3f3f3fff, 0xffffffff]" key="[0.0, 1.0]" />
    <ColorFieldInterpolator id="playerColorInterpolator" fieldToInterp="video__name.color" keyValue="[0xffffffff, 0x000000ff]" key="[0.0, 1.0]" />
    <ColorFieldInterpolator id="timeColorInterpolator" fieldToInterp="video__timespan.color" keyValue="[0xe5e5e5ff, 0x3f3f3fff]" key="[0.0, 1.0]" />
  </children>

  <script type="text/brightscript" uri="MenuCustomItem.brs" />
  <script type="text/brightscript" uri="../../../Classes/Utils/dateUtil.brs" />
  <script type="text/brightscript" uri="../../../Classes/Utils/valueUtils.brs" />
  <script type="text/brightscript" uri="../../../Classes/Utils/typeUtils.brs" />
</component>