<component name="CustomExitMenuItem" extends="BaseFocusableNode">

    <interface>
       <field id="width" type="float" alias="background.width"  />
       <field id="height" type="float" alias="background.height" />
       <field id="itemContent" type="node" onChange="_fillInContent" />
       <field id="itemHasFocus" type="boolean" onChange="_onItemFocused"/>
       <field id="rowFocusPercent" type="float" onChange="_onFocusPercent" />
        <field id="rowListHasFocus" type="boolean" onChange="_onGridLoseHasFocus" />
    </interface>

    <children>
      <Poster id="background" uri="pkg:/images/ninePaths/backgroundinput.9.png" blendColor="0x3f3f3fff" >
        <CustomLabel id="menu_text" fontSize="38"/>
      </Poster>

    <ColorFieldInterpolator id="colorInterpolator" fieldToInterp="background.blendColor" keyValue="[0x3f3f3fff, 0xffffffff]" key="[0.0, 1.0]" />
    <ColorFieldInterpolator id="playerColorInterpolator" fieldToInterp="menu_text.color" keyValue="[0xffffffff, 0x000000ff]" key="[0.0, 1.0]" />
    </children>
      
     
    <script type="text/brightscript" uri="CustomExitMenuItem.brs" />
</component> 