<component name="MainScene" extends="Scene">
    <interface></interface>

    <children>
        <StateManager id="stateManager" />
        <ActivityFacade id="activityFacade" />
    </children>

    <script type="text/brightscript" uri="MainScene.brs" />
    <script type="text/brightscript" uri="../../Classes/Utils/dateUtil.brs" />
    <script type="text/brightscript" uri="../../Classes/Utils/typeUtils.brs" />
    <script type="text/brightscript" uri="../../Classes/Utils/Contants/NavigationActions.brs" />
</component>