<component name="AfterMatchScreen" initialFocus="AdditionalInfoBar" extends="BaseScreen">

    <interface>
        <field id="matchAsset" type="assocArray" onChange="_loadDetaisForMatch" />
        <field id="matchInfo" type="assocArray" onChange="_onMatchInfoChanged" />
        <field id="menuItem" type="string" alias="subMenu.menuItem" />
        <field id="focus" type="boolean" />
        <field id="duration" type="integer"  />
        <field id="videoPlayer" type="integer" />
    </interface>

    <children>
        <MatchInfoHeaderView id="mathcInfoHeader" />
        <FocusableLayoutGroup id="container"  layoutDirection="vert" translation="[960, 246]" horizAlignment="center">
            <AdditionalInfoBar id="subMenu" />
            <BaseFocusableNode id="subMenuContainer">
                <Rectangle color="0x00000000" width="1920" height="730" />
            </BaseFocusableNode>
        </FocusableLayoutGroup>
        <Timer id="testTimer" duration="5" />
    </children>
     
    <script type="text/brightscript" uri="AfterMatchScreen.brs" />
    <script type="text/brightscript" uri="../../Classes/Utils/registerUtil.brs" />
</component>