<component name="CustomDateCell" extends="Group" >
   <interface>
      <field id="width" type="float" alias="background.width" />
      <field id="height" type="float" alias="background.height" />
      <field id="itemContent" type="node" onChange="_fillInContent" />
      <field id="rowFocusPercent" type="float" onChange="_onFocusPercent" />
      <field id="rowListHasFocus" type="boolean" onChange="_onGridLoseHasFocus" />  
   </interface>

	<children> 
       <Poster id="background" />
       <CustomLabel id="inner_text" fontSize="31" />
    </children>

     <script type="text/brightscript" uri="CustomDateCell.brs" />  
</component>