<component name="CustomItemPlayer" extends="BaseFocusableNode">

  <interface>
    <field id="width" type="float" onChange="_layoutSubviews" />
    <field id="height" type="float" onChange="_layoutSubviews" />
    <field id="itemContent" type="node" onChange="_fillInContent" />
    <field id="focusPercent" type="float" onChange="_onFocusPercent" />
    <field id="listHasFocus" type="boolean" onChange="_onGridLoseHasFocus" />
    <field id="itemHasFocus" type="boolean" onChange="_onItemHasFocus" />
  </interface>

  <children>
    <Poster id="background" uri="pkg:/images/ninePaths/backgroundinput.9.png" blendColor="0x3f3f3fff" />
    <Poster id="playerIcon" width="58" height="62" translation="[20,6]" />
    <LayoutGroup id="text_container" itemSpacings="[7.0]" layoutDirection="horiz" vertAlignment="center">
      <CustomLabel id="playerName" fontSize="27" vertAlign="center" />
      <CustomLabel id="time" fontSize="27" vertAlign="center" />
    </LayoutGroup>
    <ColorFieldInterpolator id="colorInterpolator" fieldToInterp="background.blendColor" keyValue="[0x3f3f3fff, 0xffffffff]" key="[0.0, 1.0]" />
    <ColorFieldInterpolator id="playerColorInterpolator" fieldToInterp="playerName.color" keyValue="[0xffffffff, 0x000000ff]" key="[0.0, 1.0]" />
    <ColorFieldInterpolator id="timeColorInterpolator" fieldToInterp="time.color" keyValue="[0xe5e5e5ff, 0x3f3f3fff]" key="[0.0, 1.0]" />
  </children>

  <script type="text/brightscript" uri="CustomItemPlayer.brs" />
  <script type="text/brightscript" uri="../../../Classes/Utils/typeUtils.brs" />
  <script type="text/brightscript" uri="../../../Classes/Utils/valueUtils.brs" />
  <script type="text/brightscript" uri="../../../Classes/Utils/dateUtil.brs" />
</component>